lambda_rank_sessions_s	lambda_node_sessions_s	output_tokens_per_sec	slo_met	cohort_index	start_secs	end_secs	requests	p50_ms	p90_ms	p99_ms	max_ms
0.015	0.12	2387.965510124671	true	0	0	120	279	27.6861892357374	154.550074819781	558.7092433752937	2105.29064286402
0.015	0.12	2387.965510124671	true	1	120	240	421	27.87799735688168	104.18453653119286	462.82414584011394	1236.1093425733998
0.015	0.12	2387.965510124671	true	2	240	360	300	28.16651846296736	151.34632432964287	1148.6706616403499	2248.3140043200365
0.015	0.12	2387.965510124671	true	3	360	480	392	28.49486815603086	152.38174453102152	1122.4534379349504	1334.0621764132266
0.015	0.12	2387.965510124671	true	4	480	600	309	28.378856498875393	139.67803980931419	717.8693741043227	1347.2253380045913
0.015	0.12	2387.965510124671	true	5	600	720	335	29.493172687580227	146.34512172660834	881.0036962804162	2394.1646063076405
0.015	0.12	2387.965510124671	true	6	720	840	295	27.49411609602248	152.39812625341074	1183.166505402706	2783.343209227496
0.015	0.12	2387.965510124671	true	7	840	960	388	27.437922955186878	150.8343221298674	880.0321648806477	2062.117577385834
0.015	0.12	2387.965510124671	true	8	960	1080	511	24.862347906491777	142.11192775383097	486.7915156026806	1861.3667395025004
0.015	0.12	2387.965510124671	true	9	1080	1200	560	27.19785732915625	141.72423820505176	1377.838194937865	3122.978541462089
0.015	0.12	2387.965510124671	true	10	1200	1320	416	27.06272177374558	141.79899025839404	1341.9012683780713	2135.339629769078
0.015	0.12	2387.965510124671	true	11	1320	1440	452	25.83981497946297	149.5652051042271	672.14179834502	4232.193257051222
0.015	0.12	2387.965510124671	true	12	1440	1560	453	29.841045285138534	138.3001308560779	876.5099763885524	2585.056240641279
0.015	0.12	2387.965510124671	true	13	1560	1680	459	31.95427347873192	215.89592534764958	1713.753493932259	2965.018042715201
0.015	0.12	2387.965510124671	true	14	1680	1800	542	35.51278592794915	195.7664609515633	1794.0778919837092	3732.389850497384
0.015	0.12	2387.965510124671	true	15	1800	1920	543	30.797091562817513	156.76501322050177	977.1284739496346	1934.3576955852768
0.015	0.12	2387.965510124671	true	16	1920	2040	641	24.969339773633692	133.90656591855077	746.4611179744741	2241.7404866855577
0.015	0.12	2387.965510124671	true	17	2040	2160	687	25.7782464614138	120.17080210171113	303.6455781563741	2262.332145847722
0.015	0.12	2387.965510124671	true	18	2160	2280	556	23.74458642952959	168.82934595105326	1330.9003842491172	2717.2123562577326
0.015	0.12	2387.965510124671	true	19	2280	2400	536	28.991451637921273	200.6513855180856	1240.7741457544487	2799.2211404616683
0.015	0.12	2387.965510124671	true	20	2400	2520	533	50.61036221559334	325.90458788872644	2263.296347350984	3165.5502749390507
0.015	0.12	2387.965510124671	true	21	2520	2640	520	41.52620569220744	282.80152134893797	884.6257349814681	2887.7305041278305
0.015	0.12	2387.965510124671	true	22	2640	2760	497	49.17110431506444	375.5791480061817	2187.4583666746585	3775.080499770411
0.015	0.12	2387.965510124671	true	23	2760	2880	595	38.70991053281614	325.4611515785656	1188.8923013790918	2453.263502644404
0.015	0.12	2387.965510124671	true	24	2880	3000	501	63.18066936546529	401.8786817723594	2420.6867317825527	3288.9339005250804
0.015	0.12	2387.965510124671	true	25	3000	3120	458	39.88909858708212	274.28478351976094	2096.9916453698006	3518.870157375204
0.015	0.12	2387.965510124671	true	26	3120	3240	401	27.655069742650085	162.31874992354278	1259.7063253797387	2412.185747404692
0.015	0.12	2387.965510124671	true	27	3240	3360	435	35.704959215763665	325.53808343254804	2980.4492860131013	10623.947815643078
0.015	0.12	2387.965510124671	true	28	3360	3480	549	28.804316822970577	156.74853010514198	1100.8486816190618	2297.4257579389814
0.015	0.12	2387.965510124671	true	29	3480	3600	447	35.63985573237005	200.18810901437976	2221.1069072316072	3331.075055400106
0.015	0.12	2387.965510124671	true	30	3600	3720	409	36.834127292422636	214.03865718220914	2366.950307009581	3576.52921366207
0.015	0.12	2387.965510124671	true	31	3720	3840	481	34.69704748658842	187.93622478278849	1974.110847384871	4027.862627954164
0.015	0.12	2387.965510124671	true	32	3840	3960	503	33.95076266133401	224.36232228919837	2670.1552570774593	3973.04409581011
0.015	0.12	2387.965510124671	true	33	3960	4080	408	27.34115121575087	210.00160621315482	1869.5327670585175	6878.935289199944
0.015	0.12	2387.965510124671	true	34	4080	4200	546	35.59017257293817	218.87588821846293	1351.1267248484678	2119.1192732158015
0.015	0.12	2387.965510124671	true	35	4200	4320	406	30.99275676186153	204.91107614270732	1616.7629575219962	2494.3259297342593
0.015	0.12	2387.965510124671	true	36	4320	4440	556	46.694732495780045	267.3758027272015	2369.617075204551	11173.898019731496
0.015	0.12	2387.965510124671	true	37	4440	4560	506	36.2900902587171	225.47419997908946	2500.0811751479846	5226.753858937627
0.015	0.12	2387.965510124671	true	38	4560	4680	364	61.84209222692516	373.8119626132173	4227.049816326627	11136.376686865333
0.015	0.12	2387.965510124671	true	39	4680	4800	459	32.12735076158424	276.01871404622216	2639.2439022729204	5933.937487576259
0.015	0.12	2387.965510124671	true	40	4800	4920	482	62.45401328578737	450.9460835890426	3148.1993900807806	4266.972170240479
0.015	0.12	2387.965510124671	true	41	4920	5040	553	49.13832464990264	371.49189167594164	2472.4360021727266	5218.1183086731835
0.015	0.12	2387.965510124671	true	42	5040	5160	460	90.88485933443735	455.8582805497284	2727.228497618032	5392.627264053772
0.015	0.12	2387.965510124671	true	43	5160	5280	493	143.30064624846273	684.8643933119092	4005.0396373542735	5296.22226556512
0.015	0.12	2387.965510124671	true	44	5280	5400	633	118.15631239733193	701.4731609175224	3720.6314867084434	14193.424401330049
0.015	0.12	2387.965510124671	true	45	5400	5520	653	113.01089801963826	563.8736257325959	2890.8802239442593	10377.994510170538
0.015	0.12	2387.965510124671	true	46	5520	5640	628	50.485366427892586	350.2318323480726	3540.5998250409193	8667.492044551182
0.015	0.12	2387.965510124671	true	47	5640	5760	640	92.0254629872943	574.3782715419006	3160.2937203240444	4943.004079061211
0.015	0.12	2387.965510124671	true	48	5760	5880	490	41.54482742160326	335.7996790326071	2428.8487695437343	7773.132750915465
0.015	0.12	2387.965510124671	true	49	5880	6000	526	39.52801031027775	457.1605909286518	9769.505922811277	13754.517873674558
0.015	0.12	2387.965510124671	true	50	6000	6120	550	156.68908318821195	712.0884577578184	9068.147620628824	12677.196228580215
0.015	0.12	2387.965510124671	true	51	6120	6240	563	46.1145784065593	422.1075997204026	3588.056688018691	12252.60612394959
0.015	0.12	2387.965510124671	true	52	6240	6360	545	39.56393550106441	257.69187722144125	1739.9164192297712	7479.017885849316
0.015	0.12	2387.965510124671	true	53	6360	6480	624	40.942584021649964	260.9442030530773	2866.5139702995593	5810.52621654635
0.015	0.12	2387.965510124671	true	54	6480	6600	497	48.0134767240088	392.42751322744897	9471.44034062965	13103.419494580521
0.015	0.12	2387.965510124671	true	55	6600	6720	561	28.78311593667604	177.25431432518235	894.0002236759013	3115.345801867079
0.015	0.12	2387.965510124671	true	56	6720	6840	560	43.3007634974274	271.04965852049656	3199.677764411051	7383.442922237009
0.015	0.12	2387.965510124671	true	57	6840	6960	575	52.389990330993896	308.72836104172166	2791.584924116141	6037.666755959435
0.015	0.12	2387.965510124671	true	58	6960	7080	512	60.699546115756675	648.1956166255276	4201.660436499619	8916.916119460438
0.015	0.12	2387.965510124671	true	59	7080	7200	555	38.968023103734595	222.1758656774911	2265.5719130826787	6003.358746827871
0.0175	0.14	2694.622869060992	true	0	0	120	304	30.12948185460118	163.48289439629292	727.7700525213752	1265.3819583588302
0.0175	0.14	2694.622869060992	true	1	120	240	460	25.55605265479244	98.8933127082874	286.4578280610513	682.1795942737481
0.0175	0.14	2694.622869060992	true	2	240	360	338	29.43259085259342	150.68321652388477	421.8195433145631	2264.5373075029056
0.0175	0.14	2694.622869060992	true	3	360	480	397	27.434433247435663	150.47702742076584	711.3738683520392	1818.0024168591444
0.0175	0.14	2694.622869060992	true	4	480	600	413	35.98193715833986	190.5375430683307	1158.3214604200293	1454.7405810535565
0.0175	0.14	2694.622869060992	true	5	600	720	386	27.978576968507696	177.63888496961044	1397.5963983557292	3130.4962607332527
0.0175	0.14	2694.622869060992	true	6	720	840	408	26.86441706759979	142.22546041005444	368.4604947134403	1213.877477087408
0.0175	0.14	2694.622869060992	true	7	840	960	566	27.239340817686752	158.39512001116418	484.7703953056908	3029.5775155927913
0.0175	0.14	2694.622869060992	true	8	960	1080	637	29.84020987560143	174.88391390506868	1345.804109664767	2842.93754205828
0.0175	0.14	2694.622869060992	true	9	1080	1200	399	26.70089143293808	134.50901763526414	720.2306426420454	1610.019452299639
0.0175	0.14	2694.622869060992	true	10	1200	1320	471	29.72609360176648	166.8815134680699	1167.4912668746456	1999.4909786728385
0.0175	0.14	2694.622869060992	true	11	1320	1440	473	28.686460303106287	185.69777394432097	1803.808349179831	3224.877642923275
0.0175	0.14	2694.622869060992	true	12	1440	1560	633	36.837725441273506	191.1089464229008	1554.6634509646128	2674.582761520469
0.0175	0.14	2694.622869060992	true	13	1560	1680	624	32.44263758915622	194.68372736291755	1639.4521062958559	3344.0291908545987
0.0175	0.14	2694.622869060992	true	14	1680	1800	616	29.242372110275028	168.86415922908782	1637.4446281739515	4447.527346495008
0.0175	0.14	2694.622869060992	true	15	1800	1920	660	32.6672727442201	207.93638457898854	2655.8618959009223	3962.9056264784595
0.0175	0.14	2694.622869060992	true	16	1920	2040	602	30.517231620706298	242.9096881394798	2465.1809522884114	3852.9230168624053
0.0175	0.14	2694.622869060992	true	17	2040	2160	641	34.798586556462396	249.83232806152955	1312.4733129105177	3477.237493776556
0.0175	0.14	2694.622869060992	true	18	2160	2280	536	39.58532675915194	273.17136037436285	1309.9898837455814	2463.907977117742
0.0175	0.14	2694.622869060992	true	19	2280	2400	596	40.45579168632685	341.73591887065413	2136.519098853157	3459.8082403445005
0.0175	0.14	2694.622869060992	true	20	2400	2520	539	61.6730065921729	403.7161418253163	2469.9659380468074	3304.5796556571077
0.0175	0.14	2694.622869060992	true	21	2520	2640	525	36.37491287099692	330.57775512206746	1705.6176092374117	2790.6943646858053
0.0175	0.14	2694.622869060992	true	22	2640	2760	579	40.303638942532416	330.4443208380691	1669.0413784289947	3547.448496547986
0.0175	0.14	2694.622869060992	true	23	2760	2880	488	25.938578203295037	183.31815242891028	2116.767934049484	3023.997188420253
0.0175	0.14	2694.622869060992	true	24	2880	3000	591	35.21040982832346	234.26746749373706	2084.0140541035967	3572.1064020490303
0.0175	0.14	2694.622869060992	true	25	3000	3120	566	38.18228324053052	206.18002914943645	1518.6331376025921	3130.9022303685197
0.0175	0.14	2694.622869060992	true	26	3120	3240	498	39.14159542728157	239.71160411656464	2460.945249313879	3335.84483341383
0.0175	0.14	2694.622869060992	true	27	3240	3360	598	42.34344973428961	251.19177817068706	2397.361655394934	3317.886915586314
0.0175	0.14	2694.622869060992	true	28	3360	3480	502	48.51519506382829	310.4030378756763	3056.5493708823974	3716.9252256117034
0.0175	0.14	2694.622869060992	true	29	3480	3600	578	39.11618738584366	223.47179508869885	1154.9505501150386	2123.531975759761
0.0175	0.14	2694.622869060992	true	30	3600	3720	510	45.54447037935461	277.44279555008706	3333.056546483392	10575.514538237258
0.0175	0.14	2694.622869060992	true	31	3720	3840	585	48.914240108388185	347.34621039424394	3540.6126631161515	5862.166498194711
0.0175	0.14	2694.622869060992	true	32	3840	3960	482	41.950722285037045	249.5520582704558	2455.96785259573	6729.390775519278
0.0175	0.14	2694.622869060992	true	33	3960	4080	445	42.8283300880139	303.16437269138993	2227.0820278854812	3994.9569411428456
0.0175	0.14	2694.622869060992	true	34	4080	4200	551	54.57379044491972	347.00791038630996	2495.4719902134457	4670.03383939209
0.0175	0.14	2694.622869060992	true	35	4200	4320	599	63.696150275973196	428.9345859546308	2686.6495234235967	5004.346928999439
0.0175	0.14	2694.622869060992	true	36	4320	4440	496	48.82873790211306	376.224426481258	1479.870719507157	2911.7934772884837
0.0175	0.14	2694.622869060992	true	37	4440	4560	570	61.81409455848552	416.1195941185726	2052.9029249018804	5271.089680190926
0.0175	0.14	2694.622869060992	true	38	4560	4680	702	107.99692249338477	478.01383938221977	3293.5085713803655	5205.296035497668
0.0175	0.14	2694.622869060992	true	39	4680	4800	563	109.02245890520135	555.439911265785	3388.8849422566436	11816.807039970627
0.0175	0.14	2694.622869060992	true	40	4800	4920	713	77.91350654315465	488.0632552692997	2313.7790951172783	4957.622130648815
0.0175	0.14	2694.622869060992	true	41	4920	5040	636	65.40242299206511	484.81568195484215	4076.0595224889107	12451.766540213612
0.0175	0.14	2694.622869060992	true	42	5040	5160	619	83.82875295592385	567.7869637005648	3353.5616969435823	7369.336459216356
0.0175	0.14	2694.622869060992	true	43	5160	5280	672	142.38804251954207	963.0731159953026	3911.6362284619086	8283.816865852714
0.0175	0.14	2694.622869060992	true	44	5280	5400	723	40.58255560721591	274.5067007070248	2973.6501710582697	5606.025943113309
0.0175	0.14	2694.622869060992	true	45	5400	5520	716	67.33263057185468	343.3835056011958	2603.558304769699	4861.118374634316
0.0175	0.14	2694.622869060992	true	46	5520	5640	609	36.07758882117196	244.04966318597883	2133.431036063807	5916.429151096963
0.0175	0.14	2694.622869060992	true	47	5640	5760	548	86.08070700574899	451.2741145394102	5905.443596720383	13787.144401285332
0.0175	0.14	2694.622869060992	true	48	5760	5880	639	51.42026185967552	290.625971528789	3093.504839934759	5365.0889737418765
0.0175	0.14	2694.622869060992	true	49	5880	6000	596	45.29982124495291	330.0952921499629	3602.4549950349533	12221.537280700431
0.0175	0.14	2694.622869060992	true	50	6000	6120	645	132.68763510677672	428.183882524536	5467.438289296669	7730.30015119366
0.0175	0.14	2694.622869060992	true	51	6120	6240	561	62.93339987678337	490.6298302103096	4827.58231773186	7582.396672289178
0.0175	0.14	2694.622869060992	true	52	6240	6360	484	100.48964425095619	465.9442160753314	4339.943568869615	13185.441319385063
0.0175	0.14	2694.622869060992	true	53	6360	6480	537	59.51740524506022	396.64776336758223	3515.4599285443683	7425.736435137878
0.0175	0.14	2694.622869060992	true	54	6480	6600	582	49.89209764789848	389.80650715930085	5339.185106674051	7321.30646090809
0.0175	0.14	2694.622869060992	true	55	6600	6720	542	50.5641987101626	321.52618942127447	3426.1875510513764	6138.955306174466
0.0175	0.14	2694.622869060992	true	56	6720	6840	656	48.39771750357613	269.6868276743771	3009.7219597783874	5785.59793720342
0.0175	0.14	2694.622869060992	true	57	6840	6960	614	52.57411206730467	429.8516639295485	2479.5523406225407	13343.944417898456
0.0175	0.14	2694.622869060992	true	58	6960	7080	613	73.39574684010586	366.4627226509768	3350.1350121095306	8167.425391242432
0.0175	0.14	2694.622869060992	true	59	7080	7200	748	38.04427133854915	250.43636598857123	2526.6891014245593	5992.39288354147
0.02	0.16	3011.229510297725	true	0	0	120	338	33.35530889467009	193.26348715953836	1064.5539072147253	1367.863156248859
0.02	0.16	3011.229510297725	true	1	120	240	435	27.223168162436195	159.9651462176553	1731.5808334487585	2909.086004888195
0.02	0.16	3011.229510297725	true	2	240	360	437	26.784287580994715	143.34429049176833	694.9088635609949	1332.5396154295959
0.02	0.16	3011.229510297725	true	3	360	480	400	27.816069964501366	144.13026120314504	345.4637840769555	789.1689639914148
0.02	0.16	3011.229510297725	true	4	480	600	408	33.80180340877814	208.8195835541683	1446.2338439656298	2918.4290938046615
0.02	0.16	3011.229510297725	true	5	600	720	419	27.398565957810206	147.59909501199218	402.5899486241451	2214.7867769053846
0.02	0.16	3011.229510297725	true	6	720	840	679	34.75310160092704	215.08109011892898	1733.379876279296	3619.7724760445453
0.02	0.16	3011.229510297725	true	7	840	960	673	28.177187764867995	150.8107627221763	1025.5482729539087	3167.4507821094267
0.02	0.16	3011.229510297725	true	8	960	1080	511	26.074101184349274	134.8447635937191	1026.515327057174	2100.1157013206466
0.02	0.16	3011.229510297725	true	9	1080	1200	499	28.9051473323525	146.030957783023	1142.1502407641215	1678.3796868166974
0.02	0.16	3011.229510297725	true	10	1200	1320	535	32.69773561123657	171.89258104035622	1174.2790754249677	2948.499669613284
0.02	0.16	3011.229510297725	true	11	1320	1440	696	41.061127808461606	227.44548901073358	2075.104525083686	4638.991399598126
0.02	0.16	3011.229510297725	true	12	1440	1560	676	32.66058887015788	237.64161263511596	2592.7713333570637	3677.1870530642445
0.02	0.16	3011.229510297725	true	13	1560	1680	709	30.982390916960867	225.49209590861238	2190.6256953984284	3326.7064491697056
0.02	0.16	3011.229510297725	true	14	1680	1800	636	38.09881063693865	252.25510631730685	2621.881512657296	4929.6446975235995
0.02	0.16	3011.229510297725	true	15	1800	1920	644	39.581644515919834	280.54103598710753	1862.99689269173	3390.901124545053
0.02	0.16	3011.229510297725	true	16	1920	2040	586	62.72706066420142	398.2040297282765	2099.1315763454145	3727.037329637824
0.02	0.16	3011.229510297725	true	17	2040	2160	639	63.578635577869136	362.6981860972593	2552.835924491211	5095.082057020591
0.02	0.16	3011.229510297725	true	18	2160	2280	584	40.42665044153182	290.62514823081074	949.9689769374228	3354.4558343028257
0.02	0.16	3011.229510297725	true	19	2280	2400	550	50.180109075881774	420.50862622372784	2190.6979626647117	3152.3034321644445
0.02	0.16	3011.229510297725	true	20	2400	2520	502	49.43596314160459	405.87971009772497	2171.9890385394724	3008.842134133374
0.02	0.16	3011.229510297725	true	21	2520	2640	623	43.981387644635106	287.85269391974083	2574.9363037282637	4347.3160812927745
0.02	0.16	3011.229510297725	true	22	2640	2760	565	44.05203008809622	229.52606838480293	1857.6332987257442	3490.9532110868895
0.02	0.16	3011.229510297725	true	23	2760	2880	726	37.34891413614605	211.99730836224262	1852.6500987820782	3526.7294260147537
0.02	0.16	3011.229510297725	true	24	2880	3000	649	33.30033363090479	211.93088662148514	1695.7945768427448	3334.7062881075544
0.02	0.16	3011.229510297725	true	25	3000	3120	569	34.70391727751121	228.5418740391833	1580.725659132638	3252.7995872524116
0.02	0.16	3011.229510297725	true	26	3120	3240	636	42.64697983262522	298.83049799082073	2278.5390794018394	3298.364706083703
0.02	0.16	3011.229510297725	true	27	3240	3360	619	43.13264758366131	282.64907842003635	2644.2574522412415	3441.1063194484086
0.02	0.16	3011.229510297725	true	28	3360	3480	493	56.789334222230536	361.45070925031183	2929.33949715203	4899.603444506283
0.02	0.16	3011.229510297725	true	29	3480	3600	607	64.45298034032021	726.2313001818235	6446.123283943485	10216.569496318698
0.02	0.16	3011.229510297725	true	30	3600	3720	603	94.66404996055644	510.2176551048617	2583.9498244850256	4043.256356027996
0.02	0.16	3011.229510297725	true	31	3720	3840	632	126.41898179026612	537.8366092507348	4678.2214545491	9348.800510722867
0.02	0.16	3011.229510297725	true	32	3840	3960	587	134.48910877559683	861.301517335414	8548.249335593408	12043.204913271438
0.02	0.16	3011.229510297725	true	33	3960	4080	685	124.41360692537273	589.2641833128437	3552.230237962282	6657.1219996449145
0.02	0.16	3011.229510297725	true	34	4080	4200	676	112.59186036113533	623.5786170454958	3411.134195971954	7683.110641956773
0.02	0.16	3011.229510297725	true	35	4200	4320	734	114.04282395233167	545.3283829362593	2124.595589090338	5207.233108822038
0.02	0.16	3011.229510297725	true	36	4320	4440	683	102.47618936409708	684.3749152296377	2211.1428283528257	4261.716207181053
0.02	0.16	3011.229510297725	true	37	4440	4560	668	151.43566979531897	1013.1984653561634	3716.687512709871	9514.434122669627
0.02	0.16	3011.229510297725	true	38	4560	4680	754	147.88605970534263	1101.9715708722304	4198.555282809396	6614.20754862138
0.02	0.16	3011.229510297725	true	39	4680	4800	754	144.37238903246907	784.9225801287505	3187.841869153154	5272.906130762749
0.02	0.16	3011.229510297725	true	40	4800	4920	772	111.90020874846596	665.9106816167874	3068.7200538057436	5909.464152328837
0.02	0.16	3011.229510297725	true	41	4920	5040	697	52.61120778868644	327.39946893871087	3845.242575583433	12275.854710466774
0.02	0.16	3011.229510297725	true	42	5040	5160	651	62.521312110220606	424.074067022957	3336.265969955093	10102.864483194026
0.02	0.16	3011.229510297725	true	43	5160	5280	676	56.63297064302242	284.68530615327836	3896.9458677090643	6379.2035363712785
0.02	0.16	3011.229510297725	true	44	5280	5400	655	77.69243694747274	455.7089252482911	6498.689956391035	13116.686401815059
0.02	0.16	3011.229510297725	true	45	5400	5520	653	50.12709087350231	445.7704934153302	3385.885896984874	5398.116121086787
0.02	0.16	3011.229510297725	true	46	5520	5640	618	115.1930898813589	639.5879074289057	3343.9807917075937	6331.180515418964
0.02	0.16	3011.229510297725	true	47	5640	5760	651	80.14697159887874	518.2755020587138	3789.9590203974185	7389.018679179571
0.02	0.16	3011.229510297725	true	48	5760	5880	643	49.41349048567645	317.00735777703915	3347.233730609994	5747.205091590331
0.02	0.16	3011.229510297725	true	49	5880	6000	649	60.41306721908768	294.6991612816419	2718.2169675715613	6993.275981023544
0.02	0.16	3011.229510297725	true	50	6000	6120	777	135.01075292333553	606.2979586433357	7904.741754571008	12118.664966406868
0.02	0.16	3011.229510297725	true	51	6120	6240	655	150.19419418058533	1118.0861998203914	5200.801821483878	13970.811656585283
0.02	0.16	3011.229510297725	true	52	6240	6360	691	110.96689424812212	613.1883307389216	4885.588717407529	8099.379164472339
0.02	0.16	3011.229510297725	true	53	6360	6480	616	95.15757188455609	730.6793464986185	4736.75929791407	7121.112953982447
0.02	0.16	3011.229510297725	true	54	6480	6600	641	112.10696581656521	655.5601767850021	6934.486481658325	9005.97116939025
0.02	0.16	3011.229510297725	true	55	6600	6720	726	102.4238410509497	430.64552741543594	3753.203061433851	11813.747093639904
0.02	0.16	3011.229510297725	true	56	6720	6840	597	100.84013535015401	675.2642456038299	5638.136798397601	9579.24582267151
0.02	0.16	3011.229510297725	true	57	6840	6960	651	162.5967984291492	1377.995983681103	13106.084956796622	15300.43276394099
0.02	0.16	3011.229510297725	true	58	6960	7080	717	144.6833217596577	739.6800807713578	5363.590342979156	7900.835879770966
0.02	0.16	3011.229510297725	true	59	7080	7200	707	160.10776354232803	1059.5605108661393	4476.155502657482	10369.822461518197
0.02125	0.17	3146.023945206604	false	0	0	120	462	35.91525025285591	311.45637973977523	1175.5753825873942	1759.279438793783
0.02125	0.17	3146.023945206604	false	1	120	240	445	27.509317060321337	158.25446551370993	1282.1719679183664	2521.3516896801593
0.02125	0.17	3146.023945206604	false	2	240	360	405	28.938674950040877	149.4705261663512	581.7626387182997	2679.5974578180903
0.02125	0.17	3146.023945206604	false	3	360	480	427	28.454724402308784	162.95382534526652	680.6514177712234	1299.2006040244632
0.02125	0.17	3146.023945206604	false	4	480	600	424	31.707515422567667	142.12507625256876	1118.9876823792006	2406.3895715062245
0.02125	0.17	3146.023945206604	false	5	600	720	512	29.67758199201853	152.1271299639467	391.0560770689471	2079.794642696015
0.02125	0.17	3146.023945206604	false	6	720	840	717	29.151376530990092	199.05326034731831	2366.7457388005587	3200.6487662865766
0.02125	0.17	3146.023945206604	false	7	840	960	657	28.422332659829408	192.35448431345503	1602.4268946489053	3514.9518858934243
0.02125	0.17	3146.023945206604	false	8	960	1080	512	27.933612402648578	155.4497600996001	1197.0751301833684	5048.729963396909
0.02125	0.17	3146.023945206604	false	9	1080	1200	512	33.608980838153	158.24906544226	1325.1322209601128	2235.861028997988
0.02125	0.17	3146.023945206604	false	10	1200	1320	686	33.09220559594905	145.5605356995875	680.801950634372	1688.9018803490217
0.02125	0.17	3146.023945206604	false	11	1320	1440	760	34.30297009708738	239.86452769477185	1840.2821818817365	3853.831053847898
0.02125	0.17	3146.023945206604	false	12	1440	1560	745	33.2236836861739	213.4471860696977	2013.4088457246419	3404.904831425938
0.02125	0.17	3146.023945206604	false	13	1560	1680	604	43.813482589257546	341.47724702156705	2596.2382454998824	3767.688903286853
0.02125	0.17	3146.023945206604	false	14	1680	1800	686	87.96029714471842	445.82261683331126	2912.7765964211203	4059.008653719502
0.02125	0.17	3146.023945206604	false	15	1800	1920	589	40.291915850957594	280.85618228642505	1215.9797519182216	3048.0239051839817
0.02125	0.17	3146.023945206604	false	16	1920	2040	650	65.74528582791572	418.78816232369905	2818.4599498671	4684.275604389768
0.02125	0.17	3146.023945206604	false	17	2040	2160	630	60.53887228517851	355.00082632306663	2153.6761375566516	2912.48662228827
0.02125	0.17	3146.023945206604	false	18	2160	2280	559	46.04852022930572	348.45621716594906	2253.337327207673	5145.455485280763
0.02125	0.17	3146.023945206604	false	19	2280	2400	580	46.098288119537756	358.18502730799094	1530.006556005466	3642.9183558957448
0.02125	0.17	3146.023945206604	false	20	2400	2520	636	71.79539498201848	676.6984001637866	3631.774674678761	4847.3047268189475
0.02125	0.17	3146.023945206604	false	21	2520	2640	537	70.85199600624037	360.7093438280572	3143.5473320217707	6537.098071728906
0.02125	0.17	3146.023945206604	false	22	2640	2760	707	39.602496911356866	290.0374148392075	3141.520150147178	5340.54501344508
0.02125	0.17	3146.023945206604	false	23	2760	2880	579	33.99275684296299	255.3613791062162	1981.3003215252004	3465.9113855841497
0.02125	0.17	3146.023945206604	false	24	2880	3000	752	44.62403990510211	265.41206950396366	1935.7991825951378	3910.998367799948
0.02125	0.17	3146.023945206604	false	25	3000	3120	662	40.704300315155706	277.37615472733523	3001.9480461516177	9129.584213157614
0.02125	0.17	3146.023945206604	false	26	3120	3240	620	39.137801944434614	310.60359857528977	3204.64419831904	5402.343192586159
0.02125	0.17	3146.023945206604	false	27	3240	3360	547	48.639682836437714	292.87645428084966	2624.7993938823984	3492.3087037077494
0.02125	0.17	3146.023945206604	false	28	3360	3480	575	100.32538649375056	687.4348056775489	3229.2948073125804	5958.6615236257785
0.02125	0.17	3146.023945206604	false	29	3480	3600	720	85.19454278621197	435.1253780409935	2455.3983949816643	4622.723560528357
0.02125	0.17	3146.023945206604	false	30	3600	3720	630	107.73118838369555	530.1366968374173	2995.381310084349	4056.293696193279
0.02125	0.17	3146.023945206604	false	31	3720	3840	708	128.33593364121043	626.8518064066493	3110.1296063948644	6147.281738356469
0.02125	0.17	3146.023945206604	false	32	3840	3960	683	83.21170574072312	550.9850132873917	4577.944588697696	8335.548765263411
0.02125	0.17	3146.023945206604	false	33	3960	4080	751	182.84999479601538	1277.448675310552	9293.570136292601	17474.571523990562
0.02125	0.17	3146.023945206604	false	34	4080	4200	666	255.7075991394413	2193.8203628296833	10068.117842168584	18756.36077260515
0.02125	0.17	3146.023945206604	false	35	4200	4320	716	312.16312439710237	4679.308920634867	28590.559509254217	34995.94746427101
0.02125	0.17	3146.023945206604	false	36	4320	4440	857	163.5787747136419	1231.5116499003122	5476.272603881245	13474.451692749426
0.02125	0.17	3146.023945206604	false	37	4440	4560	805	127.67191918646859	640.6555158766424	2349.83877476978	8315.139870383064
0.02125	0.17	3146.023945206604	false	38	4560	4680	727	158.664359384602	968.2375389453224	5315.711145684749	8829.822037678241
0.02125	0.17	3146.023945206604	false	39	4680	4800	758	128.57634712827348	731.337315127985	4354.281393349792	5640.174379813288
0.02125	0.17	3146.023945206604	false	40	4800	4920	657	59.45505881754798	322.8184905492525	5417.110029695834	8438.862457300274
0.02125	0.17	3146.023945206604	false	41	4920	5040	704	77.54857334748522	477.49308156589933	4297.515573533558	5505.5784559936
0.02125	0.17	3146.023945206604	false	42	5040	5160	690	67.84870159208367	409.8777651398452	5972.646424148099	7834.280179949019
0.02125	0.17	3146.023945206604	false	43	5160	5280	747	129.56702515930374	601.098405626544	5826.741668226794	13929.933200923188
0.02125	0.17	3146.023945206604	false	44	5280	5400	651	82.36735960599617	546.0472973800279	5928.726827009996	12922.667743948296
0.02125	0.17	3146.023945206604	false	45	5400	5520	629	119.2044834169792	501.84016662606155	3512.879506689828	7577.760659315572
0.02125	0.17	3146.023945206604	false	46	5520	5640	599	119.69671187580389	585.1235954800384	4121.144368065865	11437.943851705313
0.02125	0.17	3146.023945206604	false	47	5640	5760	786	91.59220578703753	476.20586612583793	2993.7320404011184	4271.374537611337
0.02125	0.17	3146.023945206604	false	48	5760	5880	761	120.45370560372248	558.4831431215207	4780.710894427819	7025.258970606046
0.02125	0.17	3146.023945206604	false	49	5880	6000	819	105.54413479985669	670.7822959508127	4574.423740370074	8093.861742601803
0.02125	0.17	3146.023945206604	false	50	6000	6120	662	147.16896311529126	1438.3156510571087	7235.603614038036	9262.221865116771
0.02125	0.17	3146.023945206604	false	51	6120	6240	672	118.54622292594286	814.2649778763368	4118.288434308516	7134.517607100861
0.02125	0.17	3146.023945206604	false	52	6240	6360	634	159.80755618147668	911.7413910629709	6958.0483051250985	12101.22234676055
0.02125	0.17	3146.023945206604	false	53	6360	6480	699	132.30370367091382	816.0556613798691	5582.871983465837	8733.918300167716
0.02125	0.17	3146.023945206604	false	54	6480	6600	660	221.56720484417747	2855.9835747246343	22553.60437480313	30985.003742016488
0.02125	0.17	3146.023945206604	false	55	6600	6720	715	258.64692244249454	2636.895134249064	36880.25515314665	38390.83987201229
0.02125	0.17	3146.023945206604	false	56	6720	6840	596	300.045715577653	6467.14727523613	32892.73800257223	37828.92123043894
0.02125	0.17	3146.023945206604	false	57	6840	6960	726	338.76399211294483	7989.151933709763	48687.78390442458	53559.55948594965
0.02125	0.17	3146.023945206604	false	58	6960	7080	717	378.6168711430946	9035.862698746128	42565.01721299461	48335.26032487316
0.02125	0.17	3146.023945206604	false	59	7080	7200	716	350.8868951394106	9887.93777986757	44995.7382356638	48405.90494791286
0.0225	0.18	3314.1089104004363	false	0	0	120	478	80.60346993499934	642.0845317513341	1582.6652196085663	3107.623769841666
0.0225	0.18	3314.1089104004363	false	1	120	240	494	30.159481119198972	245.51943876599577	1283.0097566164657	2306.7446096265485
0.0225	0.18	3314.1089104004363	false	2	240	360	435	29.296125170276355	162.30227676423968	812.4690125530399	2336.9730091944803
0.0225	0.18	3314.1089104004363	false	3	360	480	455	35.05412409822384	169.36418358463928	1141.9885944534283	2922.437304959203
0.0225	0.18	3314.1089104004363	false	4	480	600	438	29.882246418310388	148.38698619773825	800.6628843920362	1289.8305344042456
0.0225	0.18	3314.1089104004363	false	5	600	720	609	32.16674812711062	199.5415555958972	1241.8291715817031	2608.2772683294024
0.0225	0.18	3314.1089104004363	false	6	720	840	717	28.177187764867995	176.3533105013266	1159.4053011411802	3057.968097502453
0.0225	0.18	3314.1089104004363	false	7	840	960	621	31.008596164156188	203.08896536289467	1606.501524657042	3762.1799869698407
0.0225	0.18	3314.1089104004363	false	8	960	1080	523	28.260949929062917	154.47488130057542	993.9185062576305	1997.579826434503
0.0225	0.18	3314.1089104004363	false	9	1080	1200	602	34.72746863872089	199.45252917109426	1000.4189356272775	3460.414834513358
0.0225	0.18	3314.1089104004363	false	10	1200	1320	765	31.887191648365842	171.37099717865573	1272.237252501418	2060.1169664469126
0.0225	0.18	3314.1089104004363	false	11	1320	1440	826	36.40460665315004	230.59510354300983	1940.7464721473389	3390.088577540155
0.0225	0.18	3314.1089104004363	false	12	1440	1560	719	36.3529206374551	293.61283376265425	2012.1742968155418	3341.140812964568
0.0225	0.18	3314.1089104004363	false	13	1560	1680	673	62.43155233823927	522.2094779137482	3006.008724189649	4231.7936998770165
0.0225	0.18	3314.1089104004363	false	14	1680	1800	627	47.85051947010288	332.2378186794593	2264.3415092860605	4269.256337401657
0.0225	0.18	3314.1089104004363	false	15	1800	1920	635	100.0732293132387	424.2821096939225	2755.295608650681	4083.7468014042315
0.0225	0.18	3314.1089104004363	false	16	1920	2040	646	55.598729600887964	365.3065143355434	2131.828802481519	3160.9658551233224
0.0225	0.18	3314.1089104004363	false	17	2040	2160	603	44.70525435272066	348.5122418587715	1658.2364433534729	2534.3338246225358
0.0225	0.18	3314.1089104004363	false	18	2160	2280	601	41.38267002053908	352.864679315644	1246.1938521255433	3118.0086927251978
0.0225	0.18	3314.1089104004363	false	19	2280	2400	675	81.00029699835432	454.101656961575	2327.7202973767453	4415.35968705648
0.0225	0.18	3314.1089104004363	false	20	2400	2520	549	44.605283020246134	304.2159696986346	2560.9463844032507	3365.859832125352
0.0225	0.18	3314.1089104004363	false	21	2520	2640	658	45.11675400817694	257.4489245041153	2456.4675435867566	3643.5536445715115
0.0225	0.18	3314.1089104004363	false	22	2640	2760	619	61.23138995917543	341.8882703155761	2435.7736004862118	3597.69372134906
0.0225	0.18	3314.1089104004363	false	23	2760	2880	701	61.36115155277366	325.53394249043777	4107.381756776704	7732.36079003982
0.0225	0.18	3314.1089104004363	false	24	2880	3000	739	56.08673908045603	289.30398692627944	2954.8801760793685	3714.150688899281
0.0225	0.18	3314.1089104004363	false	25	3000	3120	621	35.92725041380618	238.624688325217	1941.6021690820303	4199.527057507112
0.0225	0.18	3314.1089104004363	false	26	3120	3240	623	57.24644338260987	427.9107555212252	5833.548437460246	9003.051209451769
0.0225	0.18	3314.1089104004363	false	27	3240	3360	730	101.36570264421607	450.46797699042145	2776.6505919976084	4943.02417405288
0.0225	0.18	3314.1089104004363	false	28	3360	3480	601	74.55462635152799	406.77412016884773	2177.3886275605037	8245.3732869335
0.0225	0.18	3314.1089104004363	false	29	3480	3600	760	149.70935486780945	902.4233708729306	4355.899040387566	6777.237238528869
0.0225	0.18	3314.1089104004363	false	30	3600	3720	707	96.49852365146216	678.0005301276104	5087.9679794838	8169.786404262595
0.0225	0.18	3314.1089104004363	false	31	3720	3840	771	135.77376596185786	667.5299633252507	2857.636088365412	3957.630071354288
0.0225	0.18	3314.1089104004363	false	32	3840	3960	732	203.46142605148998	1453.0245678344718	4641.653588146545	10844.11618311151
0.0225	0.18	3314.1089104004363	false	33	3960	4080	702	256.5736258893594	2019.9665837366401	7095.64601837906	12907.132780610482
0.0225	0.18	3314.1089104004363	false	34	4080	4200	848	173.75525024681338	1193.9307286941619	4187.697217225785	6524.674959343429
0.0225	0.18	3314.1089104004363	false	35	4200	4320	924	210.53132733732127	1536.2803047519283	8879.45762145506	11769.877725236256
0.0225	0.18	3314.1089104004363	false	36	4320	4440	785	228.6944523866623	2360.6590264942506	9494.498373145494	15162.859451205804
0.0225	0.18	3314.1089104004363	false	37	4440	4560	792	184.3922597281562	1376.1530302598658	5551.548604635056	9126.823982700444
0.0225	0.18	3314.1089104004363	false	38	4560	4680	626	73.41037773721837	355.97704704105126	3316.484560473782	4807.791644248937
0.0225	0.18	3314.1089104004363	false	39	4680	4800	769	147.02937036872754	965.1712967213831	4137.540386746145	5794.160040591123
0.0225	0.18	3314.1089104004363	false	40	4800	4920	715	138.3910470876799	836.492403578814	4123.416294149543	6805.986026897699
0.0225	0.18	3314.1089104004363	false	41	4920	5040	750	109.32426833596764	554.2057646473041	3198.3184560932477	4818.928054983189
0.0225	0.18	3314.1089104004363	false	42	5040	5160	711	92.73898827814264	523.5646434357477	4747.431046088959	7219.107932213774
0.0225	0.18	3314.1089104004363	false	43	5160	5280	705	53.90729386272142	539.702222576125	3771.2975495943188	4820.486242461811
0.0225	0.18	3314.1089104004363	false	44	5280	5400	615	88.75137878749229	615.6856261921351	6163.664340069175	12685.361300877048
0.0225	0.18	3314.1089104004363	false	45	5400	5520	777	153.11256277709617	739.3303542012283	4492.876795568555	8491.10699918947
0.0225	0.18	3314.1089104004363	false	46	5520	5640	786	102.46644435301278	540.9091035603524	3165.314370857185	4310.655001621853
0.0225	0.18	3314.1089104004363	false	47	5640	5760	769	165.33074515973567	1245.4738518741588	5514.331514492503	12644.91193170943
0.0225	0.18	3314.1089104004363	false	48	5760	5880	737	71.60169800044969	560.3410561872804	4936.094017650391	7716.774520023137
0.0225	0.18	3314.1089104004363	false	49	5880	6000	701	159.2636748418954	1229.9532718307091	7628.254577096413	12145.066579089871
0.0225	0.18	3314.1089104004363	false	50	6000	6120	727	150.0389300945244	1159.1343097999925	4466.699461221452	7045.1825919944895
0.0225	0.18	3314.1089104004363	false	51	6120	6240	761	92.51615023640625	578.5616629727883	4740.091635992211	8775.57336080099
0.0225	0.18	3314.1089104004363	false	52	6240	6360	752	131.84719378750742	704.1951118138965	3187.6729545924186	5788.514408834089
0.0225	0.18	3314.1089104004363	false	53	6360	6480	639	229.5064125173667	2447.6926449784523	8562.128380662545	12264.439963548284
0.0225	0.18	3314.1089104004363	false	54	6480	6600	776	236.3018435480626	2356.338164859153	8158.263140832332	13513.532501654481
0.0225	0.18	3314.1089104004363	false	55	6600	6720	803	336.8230797586875	4877.698380399306	15342.646960357983	20774.249213687654
0.0225	0.18	3314.1089104004363	false	56	6720	6840	827	345.368444262931	5016.975747237302	32649.85934246681	51564.36349438627
0.0225	0.18	3314.1089104004363	false	57	6840	6960	714	555.8621874342862	14627.633883297496	66348.01597096543	68382.47288833372
0.0225	0.18	3314.1089104004363	false	58	6960	7080	783	414.89702617400326	7209.22651620204	61050.94596609707	68668.13308448036
0.0225	0.18	3314.1089104004363	false	59	7080	7200	713	485.02466172431014	8716.009360836324	74093.18592803138	77727.85581517564
0.02375	0.19	3397.988614021366	false	0	0	120	472	141.57449760136842	729.6924936105597	1277.1652317309827	1786.7826817384866
0.02375	0.19	3397.988614021366	false	1	120	240	555	51.699505061151285	471.0566951907823	1658.7469830810062	2243.6561449135297
0.02375	0.19	3397.988614021366	false	2	240	360	458	28.979275905612667	166.9184183804646	871.0556561143541	2681.4834720426006
0.02375	0.19	3397.988614021366	false	3	360	480	468	33.53425604973381	187.7110143850132	1156.1227608037095	2558.5823976975917
0.02375	0.19	3397.988614021366	false	4	480	600	451	30.406113146909775	161.29210320332277	758.2159113912894	2675.50934742394
0.02375	0.19	3397.988614021366	false	5	600	720	719	33.23561925935792	238.36580082715966	1941.4697056990499	3195.7391913024367
0.02375	0.19	3397.988614021366	false	6	720	840	684	28.048821728589246	150.87414429522144	1077.2394446340697	2838.3063518026574
0.02375	0.19	3397.988614021366	false	7	840	960	592	30.48891783782892	163.09500816173568	1151.3448130645759	2422.019009979067
0.02375	0.19	3397.988614021366	false	8	960	1080	583	32.430102459329646	201.1906042539522	1551.9106427763925	2787.7490723672054
0.02375	0.19	3397.988614021366	false	9	1080	1200	683	36.837725441273506	188.37540576769246	1355.3443829597327	2061.0059065793394
0.02375	0.19	3397.988614021366	false	10	1200	1320	835	31.809011534278397	198.23995094739075	1443.6627602233696	3289.828310894336
0.02375	0.19	3397.988614021366	false	11	1320	1440	853	37.065353091747966	235.36243649705293	2217.3539067520337	3482.6946459270403
0.02375	0.19	3397.988614021366	false	12	1440	1560	734	64.70454150053229	358.21592179472697	2648.927400401739	3717.060079269231
0.02375	0.19	3397.988614021366	false	13	1560	1680	662	66.53010121544867	343.8717191281284	1960.974855054044	4381.648070995652
0.02375	0.19	3397.988614021366	false	14	1680	1800	641	66.15203301362271	333.709273567365	1869.0793348349894	3442.3853845587473
0.02375	0.19	3397.988614021366	false	15	1800	1920	603	83.00424783283233	569.5373559982728	4139.436625035992	5554.6267656000055
0.02375	0.19	3397.988614021366	false	16	1920	2040	644	56.13895508395217	370.0843041608559	2479.887860678348	3621.256089256349
0.02375	0.19	3397.988614021366	false	17	2040	2160	633	39.38124695650913	281.61844505712	1118.3161939686158	2480.0958429004822
0.02375	0.19	3397.988614021366	false	18	2160	2280	734	100.86754729036329	502.0265230515636	2511.1915683260463	3486.1033470533584
0.02375	0.19	3397.988614021366	false	19	2280	2400	633	52.35700473713223	326.64150780456123	2409.9165942118225	3457.0904182619415
0.02375	0.19	3397.988614021366	false	20	2400	2520	602	38.5047802437839	240.26392976593343	1921.3000453867708	5050.620482727936
0.02375	0.19	3397.988614021366	false	21	2520	2640	672	131.79349293613996	743.738657014637	5367.770972482542	6945.175178457248
0.02375	0.19	3397.988614021366	false	22	2640	2760	652	56.99314892399343	356.0367754934302	3542.8802669617385	5015.5008673636985
0.02375	0.19	3397.988614021366	false	23	2760	2880	718	77.21824194413784	306.3293595974757	2886.230663725774	3829.9157950723384
0.02375	0.19	3397.988614021366	false	24	2880	3000	608	54.58950494312376	364.4778867675092	3246.0321139720636	7428.321545805375
0.02375	0.19	3397.988614021366	false	25	3000	3120	710	95.0021031835604	437.09679610283274	3208.590963686585	5015.400793221488
0.02375	0.19	3397.988614021366	false	26	3120	3240	747	103.72342765458598	596.089798646244	5878.520101403823	8400.348287423185
0.02375	0.19	3397.988614021366	false	27	3240	3360	697	122.22083200049383	479.36626219889143	2483.316399206989	7996.312637568735
0.02375	0.19	3397.988614021366	false	28	3360	3480	764	131.04047264050678	490.0197742379534	2695.6614041795006	5250.565083065339
0.02375	0.19	3397.988614021366	false	29	3480	3600	783	64.0466053819182	490.4503898887933	3784.3988798643627	4956.5449226738565
0.02375	0.19	3397.988614021366	false	30	3600	3720	777	108.47061378444778	614.3832739655409	3044.7827669585645	6707.856396746138
0.02375	0.19	3397.988614021366	false	31	3720	3840	789	209.05386451431696	1376.600738632624	6222.585322133642	11666.103553103312
0.02375	0.19	3397.988614021366	false	32	3840	3960	778	282.3683838355464	2633.9768568577742	11640.838123553953	23479.349786360217
0.02375	0.19	3397.988614021366	false	33	3960	4080	796	399.2322377603159	7621.984254058589	35509.10720499239	38146.99148093132
0.02375	0.19	3397.988614021366	false	34	4080	4200	750	340.74494325113847	5446.506646000675	43015.43322747116	50348.27841243168
0.02375	0.19	3397.988614021366	false	35	4200	4320	794	335.659377218235	4097.584239529625	45761.62216404364	48418.33644073904
0.02375	0.19	3397.988614021366	false	36	4320	4440	676	350.16772160679466	6767.568506573298	48461.90378380379	55681.24610376253
0.02375	0.19	3397.988614021366	false	37	4440	4560	739	356.2097301983158	6164.390209489103	44013.37831482688	49220.60304190745
0.02375	0.19	3397.988614021366	false	38	4560	4680	713	251.4535536738549	5787.08529357756	29647.20476507009	34508.80704445626
0.02375	0.19	3397.988614021366	false	39	4680	4800	797	263.69590526974207	4549.652743325169	36590.290783047894	38958.65203100129
0.02375	0.19	3397.988614021366	false	40	4800	4920	708	235.86364294214945	2893.824442210104	13478.608350062148	17569.8807662302
0.02375	0.19	3397.988614021366	false	41	4920	5040	722	283.5601795695766	2769.7438713063093	13415.905619808642	14901.717088755504
0.02375	0.19	3397.988614021366	false	42	5040	5160	836	192.64133867318378	1581.3333962441902	5280.630613500254	8194.960820097549
0.02375	0.19	3397.988614021366	false	43	5160	5280	801	107.87926899865852	693.1541565299995	3938.480625189186	6784.701063429566
0.02375	0.19	3397.988614021366	false	44	5280	5400	866	102.91669261596326	502.94168305117637	5095.4724989055685	8620.809221989475
0.02375	0.19	3397.988614021366	false	45	5400	5520	738	66.40280329065718	574.6421468671559	3845.9456819625298	6158.331156545501
0.02375	0.19	3397.988614021366	false	46	5520	5640	826	136.80060937895178	727.4964158004877	3725.029011241304	9311.768466640387
0.02375	0.19	3397.988614021366	false	47	5640	5760	736	132.1562778639418	631.9477660631492	5219.948053718413	8678.122512206755
0.02375	0.19	3397.988614021366	false	48	5760	5880	752	136.506680050843	863.2785468023937	3965.989083952764	8351.635860332863
0.02375	0.19	3397.988614021366	false	49	5880	6000	829	249.72571689613687	3327.736343939069	16448.38279669985	21870.924045959327
0.02375	0.19	3397.988614021366	false	50	6000	6120	777	240.6348115819128	2718.4617857627013	7839.6150636679895	15368.10954765133
0.02375	0.19	3397.988614021366	false	51	6120	6240	769	264.58926464329124	3763.591399911276	11746.185940604757	21740.375105490784
0.02375	0.19	3397.988614021366	false	52	6240	6360	763	273.7073254902498	4844.184669725476	16485.39467509907	21214.672744064956
0.02375	0.19	3397.988614021366	false	53	6360	6480	820	241.88305376264907	2997.710297375671	9411.465195161274	13676.02925104984
0.02375	0.19	3397.988614021366	false	54	6480	6600	932	305.61535844572063	4390.610056380137	19020.5813859408	22272.1265195014
0.02375	0.19	3397.988614021366	false	55	6600	6720	801	432.0677966097719	14683.34740300088	60014.11970752633	68169.08124153997
0.02375	0.19	3397.988614021366	false	56	6720	6840	647	625.943462637224	54583.568999630006	83919.56733133335	89738.66526522943
0.02375	0.19	3397.988614021366	false	57	6840	6960	571	1864.008447733795	82638.52360671444	108598.67704110008	119536.66667210018
0.02375	0.19	3397.988614021366	false	58	6960	7080	484	4265.468518630769	92763.58165001984	127502.30368951467	131385.01229830034
0.02375	0.19	3397.988614021366	false	59	7080	7200	521	3272.329628280204	76012.60620725225	97244.4591611088	116345.77993873427
0.025	0.2	3377.456726966769	false	0	0	120	487	126.95002299437874	666.1068716881803	1347.225721875579	1719.8320738125403
0.025	0.2	3377.456726966769	false	1	120	240	563	115.21526115393499	714.6875032638036	1524.788372588009	2572.6063549543596
0.025	0.2	3377.456726966769	false	2	240	360	472	37.82134784319169	316.9340354857924	1218.5018751442176	2028.2607004733109
0.025	0.2	3377.456726966769	false	3	360	480	496	34.296240806497735	189.20188550191597	1282.526054096231	2458.126176732094
0.025	0.2	3377.456726966769	false	4	480	600	511	28.06611422874994	152.33235743653495	618.2538253505754	1328.2774768154013
0.025	0.2	3377.456726966769	false	5	600	720	796	31.998740441167683	239.39503721749134	2307.5620375653425	3233.258675255456
0.025	0.2	3377.456726966769	false	6	720	840	652	30.898897735823994	185.35269273488663	1318.159801959751	2900.364530288698
0.025	0.2	3377.456726966769	false	7	840	960	583	29.1896062512933	181.13022786765217	1638.2889626750766	3476.213418295174
0.025	0.2	3377.456726966769	false	8	960	1080	640	35.92885107377697	207.48432928307926	1704.8147543897649	2585.376690401972
0.025	0.2	3377.456726966769	false	9	1080	1200	777	39.47923819669086	215.4992418598339	1892.1774667887078	3189.3844534638447
0.025	0.2	3377.456726966769	false	10	1200	1320	851	30.296133143565385	170.38817940692752	1182.9530299644375	2204.421085875765
0.025	0.2	3377.456726966769	false	11	1320	1440	822	40.608540512039326	296.6069090567998	2219.618407000259	3238.724152166924
0.025	0.2	3377.456726966769	false	12	1440	1560	781	73.58226388714684	481.0896262733877	3090.3897453333248	4705.54811767488
0.025	0.2	3377.456726966769	false	13	1560	1680	652	90.8913761702479	459.4941751573965	2267.8270704449915	3406.1131311405006
0.025	0.2	3377.456726966769	false	14	1680	1800	647	114.13742768445445	506.21091652974417	2408.1540688642217	3934.9172794959486
0.025	0.2	3377.456726966769	false	15	1800	1920	644	56.5731655772197	411.48779451286924	2696.6482930765796	3815.541805717203
0.025	0.2	3377.456726966769	false	16	1920	2040	627	63.932431957255176	485.2660906743038	2466.3908526294936	3069.9629069326875
0.025	0.2	3377.456726966769	false	17	2040	2160	771	58.64652348964228	343.7428139750409	1840.1080028498136	3161.919463292179
0.025	0.2	3377.456726966769	false	18	2160	2280	672	68.19890582141852	455.8574585646964	2477.34571101353	4562.73458151054
0.025	0.2	3377.456726966769	false	19	2280	2400	680	73.23963895282759	360.53732545915415	2471.506871276962	3902.475556567424
0.025	0.2	3377.456726966769	false	20	2400	2520	667	69.0556983663555	365.1774530380859	3367.3478251391757	5351.49894647293
0.025	0.2	3377.456726966769	false	21	2520	2640	654	93.76337574803983	429.74368941959403	2626.73294239894	4991.59562436671
0.025	0.2	3377.456726966769	false	22	2640	2760	689	73.6358876374652	324.7965766093331	2796.9389195677295	3616.162016420276
0.025	0.2	3377.456726966769	false	23	2760	2880	607	108.81378380872775	839.6761458341639	4306.736522773426	6840.849396926387
0.025	0.2	3377.456726966769	false	24	2880	3000	746	80.698601208951	425.91964578605257	2220.338434868374	4072.31269651038
0.025	0.2	3377.456726966769	false	25	3000	3120	764	129.51396419657613	563.7804757684539	2433.372271676535	3894.8878666769815
0.025	0.2	3377.456726966769	false	26	3120	3240	790	159.8380185678252	914.2209784299669	6292.54055516143	8030.708193843566
0.025	0.2	3377.456726966769	false	27	3240	3360	746	148.01102196270222	536.0628452167475	6989.711645503874	7613.05637708665
0.025	0.2	3377.456726966769	false	28	3360	3480	817	121.62368017288827	596.7217042636547	3769.190659647819	8178.016952166217
0.025	0.2	3377.456726966769	false	29	3480	3600	820	161.21116856766093	1182.0008605175647	5674.985858278468	10445.200174410274
0.025	0.2	3377.456726966769	false	30	3600	3720	769	233.43191548519826	2102.5306649267827	12114.78073610887	18353.53798140295
0.025	0.2	3377.456726966769	false	31	3720	3840	859	289.5684681561761	3202.4590957013093	10158.390161155792	13142.577833335054
0.025	0.2	3377.456726966769	false	32	3840	3960	805	532.2395479497573	11008.471869077042	34679.18702136366	39048.573877906165
0.025	0.2	3377.456726966769	false	33	3960	4080	802	376.55331780115375	8316.471784403338	39533.46302555824	45996.96882439457
0.025	0.2	3377.456726966769	false	34	4080	4200	752	317.3767809657875	5393.4097235823165	41813.52118315856	46840.755400385206
0.025	0.2	3377.456726966769	false	35	4200	4320	775	294.9249409030017	4156.3316863821465	33739.04698341474	38569.61331145703
0.025	0.2	3377.456726966769	false	36	4320	4440	721	369.33579350534274	6387.028265820845	39622.248888455935	44228.6190110417
0.025	0.2	3377.456726966769	false	37	4440	4560	784	385.2275292624654	8092.8842960165675	56050.47877736004	59176.75087052339
0.025	0.2	3377.456726966769	false	38	4560	4680	705	349.6199923565655	6587.2346160067555	45353.79571121335	55193.8238082239
0.025	0.2	3377.456726966769	false	39	4680	4800	720	284.70689214464073	9481.449500934208	44346.2431578507	47219.68120785732
0.025	0.2	3377.456726966769	false	40	4800	4920	769	382.6153246482136	9950.447600298327	56230.98933202907	59261.582699707105
0.025	0.2	3377.456726966769	false	41	4920	5040	795	309.33067741261766	7483.032579312574	38696.32618853124	42069.385507699735
0.025	0.2	3377.456726966769	false	42	5040	5160	794	279.5213629487989	9930.430342187994	27036.836969505934	30015.19604690384
0.025	0.2	3377.456726966769	false	43	5160	5280	708	277.163472979737	11134.400339781152	35965.57287555616	38136.905459342415
0.025	0.2	3377.456726966769	false	44	5280	5400	722	296.88494651873043	10368.40356481431	40173.67492973827	41130.277142988234
0.025	0.2	3377.456726966769	false	45	5400	5520	750	251.89973798705978	7049.314023908942	42137.3657265212	45975.35186654932
0.025	0.2	3377.456726966769	false	46	5520	5640	797	230.78926152265922	16497.892055456938	24828.969766124494	26104.566260561114
0.025	0.2	3377.456726966769	false	47	5640	5760	806	271.8396769037099	13121.631972266641	30952.795337988027	31547.732423485286
0.025	0.2	3377.456726966769	false	48	5760	5880	712	333.33678587814575	20843.87003494068	49704.83043601556	56788.41696068412
0.025	0.2	3377.456726966769	false	49	5880	6000	643	449.73530803781614	36168.80011446196	57579.20663256599	62543.66332412701
0.025	0.2	3377.456726966769	false	50	6000	6120	758	470.5480618481488	14066.527806551323	59813.79645122534	65146.17218652529
0.025	0.2	3377.456726966769	false	51	6120	6240	850	324.18079438366476	17232.08056654121	41530.4001810473	47365.0989596772
0.025	0.2	3377.456726966769	false	52	6240	6360	776	507.0074367390589	32162.836532762867	61799.7270010992	65451.17957629009
0.025	0.2	3377.456726966769	false	53	6360	6480	725	514.6154652193218	52013.592727768635	100723.20484211683	104294.18303725834
0.025	0.2	3377.456726966769	false	54	6480	6600	725	805.6437666800775	68647.2713337178	96695.50298385683	102112.84920180879
0.025	0.2	3377.456726966769	false	55	6600	6720	505	4248.374735921971	87135.58850090885	113100.32488497804	119103.32844611912
0.025	0.2	3377.456726966769	false	56	6720	6840	440	3565.9508503267716	98304.56603570457	121576.53737586996	127147.97630809335
0.025	0.2	3377.456726966769	false	57	6840	6960	515	2027.048854077293	112182.92607430341	149732.38430392634	157389.79287583788
0.025	0.2	3377.456726966769	false	58	6960	7080	471	9434.69004666622	137392.51362596586	153100.50632997428	154417.55702289083
0.025	0.2	3377.456726966769	false	59	7080	7200	414	10582.013273381563	137056.36662393424	153184.1070127465	157458.07117918957
0.0275	0.22	3248.0676307632134	false	0	0	120	528	74.84963383944887	626.3331198098514	1562.3363088505857	3105.7996568506496
0.0275	0.22	3248.0676307632134	false	1	120	240	585	112.04792268699748	664.5196751896948	1629.1478769240316	2423.330478771959
0.0275	0.22	3248.0676307632134	false	2	240	360	507	107.49013232634752	658.0671190034537	1829.841002947678	2854.469358842607
0.0275	0.22	3248.0676307632134	false	3	360	480	593	39.26282901147715	217.70722053915983	1179.1132554739024	2453.3188463105944
0.0275	0.22	3248.0676307632134	false	4	480	600	836	31.20456288843343	201.29489124497013	1229.232484972065	3003.1010728243928
0.0275	0.22	3248.0676307632134	false	5	600	720	729	31.47843704027764	177.04874478331485	1067.6852131337437	2572.4948562101417
0.0275	0.22	3248.0676307632134	false	6	720	840	564	29.838335666909188	190.96638744199475	1630.2582474446697	3194.3931358364352
0.0275	0.22	3248.0676307632134	false	7	840	960	736	40.75066283121487	201.70312491882214	1618.4017457334662	3126.285276944145
0.0275	0.22	3248.0676307632134	false	8	960	1080	832	50.492923880028684	253.06476790478882	2100.226347321966	3420.0724665461166
0.0275	0.22	3248.0676307632134	false	9	1080	1200	885	42.95042162493701	263.37723580518286	2319.1307134593058	3778.1222295202497
0.0275	0.22	3248.0676307632134	false	10	1200	1320	848	113.54239620914086	542.9027054251046	2895.41834425126	4051.5305178669223
0.0275	0.22	3248.0676307632134	false	11	1320	1440	792	51.804254185981335	336.25921975904004	1974.1092250352756	4071.8055665502106
0.0275	0.22	3248.0676307632134	false	12	1440	1560	728	110.22983934299191	519.3440714918784	3167.612376705024	4283.86010512304
0.0275	0.22	3248.0676307632134	false	13	1560	1680	704	94.73749616108762	563.5054523319927	2559.7555918435874	5535.889871428935
0.0275	0.22	3248.0676307632134	false	14	1680	1800	662	57.666204368160834	473.26861135147726	2268.728899536736	4222.601559302348
0.0275	0.22	3248.0676307632134	false	15	1800	1920	747	100.53815999390281	507.7736232610731	2713.595830446616	4300.813038570141
0.0275	0.22	3248.0676307632134	false	16	1920	2040	733	119.37214720182965	725.4487367279601	3625.631706595177	6478.32501915309
0.0275	0.22	3248.0676307632134	false	17	2040	2160	736	89.66754199468596	383.39487039138476	2234.0679276173623	4587.118512961752
0.0275	0.22	3248.0676307632134	false	18	2160	2280	764	124.72914624026998	673.5030316049706	2777.6473243720557	4262.715535823645
0.0275	0.22	3248.0676307632134	false	19	2280	2400	740	120.76070010880358	588.2210742924144	3169.6114097017485	4105.178803384661
0.0275	0.22	3248.0676307632134	false	20	2400	2520	649	59.702056828427885	354.2288952006858	2887.67778882953	3707.43196703188
0.0275	0.22	3248.0676307632134	false	21	2520	2640	613	87.93101790161018	345.99454663439263	2633.096046511964	3589.0811770341315
0.0275	0.22	3248.0676307632134	false	22	2640	2760	773	129.6482247989843	607.9885499984815	3092.6820014824984	5066.906888062476
0.0275	0.22	3248.0676307632134	false	23	2760	2880	795	162.3788429542401	848.1435991934633	5112.146793990869	8475.700927619073
0.0275	0.22	3248.0676307632134	false	24	2880	3000	856	162.64088873867877	854.5365418071924	4285.310427242306	8612.244614073461
0.0275	0.22	3248.0676307632134	false	25	3000	3120	883	208.8737648946335	1383.6407015092864	9295.03339602301	12650.200807423971
0.0275	0.22	3248.0676307632134	false	26	3120	3240	863	157.06614686314424	1197.9533466996147	9222.869459230636	12274.093548066958
0.0275	0.22	3248.0676307632134	false	27	3240	3360	869	193.31041523764725	1634.6781111546097	7902.38690164761	10970.397833477364
0.0275	0.22	3248.0676307632134	false	28	3360	3480	913	281.2310532935953	4540.8993547216605	15496.956183843904	21079.56464290237
0.0275	0.22	3248.0676307632134	false	29	3480	3600	854	293.56083256516285	2507.3196647286777	9734.81650463448	17453.084536661663
0.0275	0.22	3248.0676307632134	false	30	3600	3720	810	393.87987025475013	5717.565071008904	13314.907494754787	19053.220505723402
0.0275	0.22	3248.0676307632134	false	31	3720	3840	935	293.57007982980576	3310.7547594981975	11020.87450159218	12991.101083263857
0.0275	0.22	3248.0676307632134	false	32	3840	3960	742	715.2134054549606	11086.467225139768	62456.192496580385	67986.20226155527
0.0275	0.22	3248.0676307632134	false	33	3960	4080	734	601.02050735577	20885.28547785829	63361.85603297344	75832.51774931615
0.0275	0.22	3248.0676307632134	false	34	4080	4200	724	505.2064612641516	49677.596478816966	77404.91718596006	82076.23469302962
0.0275	0.22	3248.0676307632134	false	35	4200	4320	643	515.3387087721057	57326.57022838018	78023.41040661848	82784.46029066708
0.0275	0.22	3248.0676307632134	false	36	4320	4440	664	516.0748810685618	62346.00156048783	92302.77145653912	99788.83813553512
0.0275	0.22	3248.0676307632134	false	37	4440	4560	699	706.3243897446227	67069.27841854232	91843.1519824354	99200.06194426151
0.0275	0.22	3248.0676307632134	false	38	4560	4680	733	442.4980963249254	65464.063784244914	82539.00587548973	87406.24574901994
0.0275	0.22	3248.0676307632134	false	39	4680	4800	680	535.4108819219618	73296.21378095783	85255.88294956512	90316.09806023244
0.0275	0.22	3248.0676307632134	false	40	4800	4920	664	445.42468602912777	69884.88107747282	87818.10514906823	100665.85018128717
0.0275	0.22	3248.0676307632134	false	41	4920	5040	720	505.17479098198237	92608.15599948728	105200.99670061437	108949.8915817203
0.0275	0.22	3248.0676307632134	false	42	5040	5160	620	688.2779593570376	86419.77990471723	98728.00183285282	106262.35338778587
0.0275	0.22	3248.0676307632134	false	43	5160	5280	674	493.5197458753464	91699.61125014507	107372.50547259949	111947.36909063067
0.0275	0.22	3248.0676307632134	false	44	5280	5400	697	934.6097805009776	93199.42709485494	108296.47935753902	110622.77085320692
0.0275	0.22	3248.0676307632134	false	45	5400	5520	736	519.4872998517894	90039.30837505823	105713.44698832699	110598.28135282078
0.0275	0.22	3248.0676307632134	false	46	5520	5640	711	705.0313420504608	100188.82326132007	117947.15696355878	120634.42481251605
0.0275	0.22	3248.0676307632134	false	47	5640	5760	721	1044.7523701332102	107784.58196007431	136521.44680389625	141240.41477850004
0.0275	0.22	3248.0676307632134	false	48	5760	5880	680	1634.788543556624	117750.69522574396	140391.90292647254	143668.29719273574
0.0275	0.22	3248.0676307632134	false	49	5880	6000	640	1957.6238756058046	126695.77391700324	136562.3522317559	141320.16777366336
0.0275	0.22	3248.0676307632134	false	50	6000	6120	476	9664.500762620719	149684.97610795384	161188.0574910283	163320.2422003569
0.0275	0.22	3248.0676307632134	false	51	6120	6240	465	14612.02861343736	160805.8082075864	192627.84953254406	195795.32208874388
0.0275	0.22	3248.0676307632134	false	52	6240	6360	389	64173.611436084684	165529.87261345878	191132.6297034411	198452.22102883237
0.0275	0.22	3248.0676307632134	false	53	6360	6480	397	77766.3505327273	163516.45576663234	192589.381963234	193838.9755147873
0.0275	0.22	3248.0676307632134	false	54	6480	6600	392	93675.07978591493	165473.99130340928	189709.24503920824	191595.85704451092
0.0275	0.22	3248.0676307632134	false	55	6600	6720	344	116340.33585137513	183020.29763748686	195680.60179504857	197590.08733893643
0.0275	0.22	3248.0676307632134	false	56	6720	6840	351	128741.82792150896	173582.5650537372	198508.55013482488	199381.2097132177
0.0275	0.22	3248.0676307632134	false	57	6840	6960	403	122486.97778483802	191116.9167530283	212235.8387132828	213746.90164588537
0.0275	0.22	3248.0676307632134	false	58	6960	7080	396	132438.28365339688	199009.4886027928	208159.88775275726	209435.69462121013
0.0275	0.22	3248.0676307632134	false	59	7080	7200	412	120515.17202594824	199683.45479257952	213229.3120125032	216463.9093698588
0.03	0.24	2982.693515964051	false	0	0	120	588	100.09485649061389	583.1307754642014	1407.4529073660499	2570.3068963644
0.03	0.24	2982.693515964051	false	1	120	240	595	88.35160599073788	516.3324920531069	1264.272624166169	1777.1719804402437
0.03	0.24	2982.693515964051	false	2	240	360	521	128.5561070710628	787.0788771006119	2016.746285655823	3327.4416198871677
0.03	0.24	2982.693515964051	false	3	360	480	749	102.33775623237307	467.07219013938004	1855.713866781242	3004.867193708833
0.03	0.24	2982.693515964051	false	4	480	600	835	39.02419620044384	243.93081282623828	1334.177257936253	3110.619525074526
0.03	0.24	2982.693515964051	false	5	600	720	824	32.09055253273618	185.92009491358112	1399.7971144687513	2216.220747771331
0.03	0.24	2982.693515964051	false	6	720	840	675	35.93578512163731	177.97558363718062	930.8165781338445	2864.9809468001877
0.03	0.24	2982.693515964051	false	7	840	960	795	38.963997253176785	227.64398569979681	1645.5166308526893	2960.5983418091455
0.03	0.24	2982.693515964051	false	8	960	1080	893	63.074636510918936	298.0662266789297	2104.6811619189807	3722.0231967121435
0.03	0.24	2982.693515964051	false	9	1080	1200	851	170.1457051617581	1459.817358739656	8651.563958789666	11742.525885453233
0.03	0.24	2982.693515964051	false	10	1200	1320	849	166.41592547784967	1151.3171635639096	8480.675029584383	11103.427484795702
0.03	0.24	2982.693515964051	false	11	1320	1440	819	124.19343566307361	648.5845008039179	3901.2254595542186	6595.1819303900265
0.03	0.24	2982.693515964051	false	12	1440	1560	769	87.18056313091438	489.3279896417887	2379.9358935043797	4504.287388441753
0.03	0.24	2982.693515964051	false	13	1560	1680	793	83.27058976738044	452.18908753468094	2277.984727670958	3631.9056325783095
0.03	0.24	2982.693515964051	false	14	1680	1800	729	116.63760556848501	575.8574026800492	2499.0724356276783	3889.424100285396
0.03	0.24	2982.693515964051	false	15	1800	1920	786	128.13559148639797	552.7598232833952	3074.568411431505	4921.598889467532
0.03	0.24	2982.693515964051	false	16	1920	2040	757	172.39020258512028	1204.7129153506828	4028.217831796943	5618.588032083608
0.03	0.24	2982.693515964051	false	17	2040	2160	847	122.29347803304336	640.0977287544265	2793.4580429429384	4661.598664379198
0.03	0.24	2982.693515964051	false	18	2160	2280	811	108.78265387191277	428.3556609061634	2718.695256043972	5895.851677883911
0.03	0.24	2982.693515964051	false	19	2280	2400	640	79.53272117356391	445.359433335671	2822.055606481502	4675.547102460769
0.03	0.24	2982.693515964051	false	20	2400	2520	739	132.31523973445292	774.1616452802191	5345.865759242863	7395.044702714586
0.03	0.24	2982.693515964051	false	21	2520	2640	862	144.61549108455074	589.1695075415553	3481.073393336752	5882.445123442267
0.03	0.24	2982.693515964051	false	22	2640	2760	809	117.89518218120065	461.761825816393	2636.7757727755024	3651.3845219515133
0.03	0.24	2982.693515964051	false	23	2760	2880	844	272.8636103734061	2990.7082073571482	7647.795574194333	10582.423878947338
0.03	0.24	2982.693515964051	false	24	2880	3000	883	245.8123899232305	3059.4123590743066	9872.478682995055	12252.72949326154
0.03	0.24	2982.693515964051	false	25	3000	3120	972	315.05120828160216	4125.211196201143	15970.26973730646	21549.377410132365
0.03	0.24	2982.693515964051	false	26	3120	3240	890	457.96644206075143	9266.743842873173	49784.46335027859	57766.28839064597
0.03	0.24	2982.693515964051	false	27	3240	3360	750	454.31329862913117	26722.23080269469	42535.571044278724	48525.714286743096
0.03	0.24	2982.693515964051	false	28	3360	3480	778	400.66849447111963	23351.122453907108	53994.10248965485	59616.496713391825
0.03	0.24	2982.693515964051	false	29	3480	3600	786	453.1888810615783	32425.47531042419	63779.92971399912	67073.39752119241
0.03	0.24	2982.693515964051	false	30	3600	3720	734	562.1118456588192	20761.765360248166	75761.28382534898	80210.1687833847
0.03	0.24	2982.693515964051	false	31	3720	3840	713	548.7207392397977	58508.2700252421	81591.82983294394	86652.15582326072
0.03	0.24	2982.693515964051	false	32	3840	3960	599	979.9618571269093	76625.40693910795	96596.40531128152	102425.58021860986
0.03	0.24	2982.693515964051	false	33	3960	4080	647	959.95245371887	83287.91652547261	100967.15295100037	107258.01417261845
0.03	0.24	2982.693515964051	false	34	4080	4200	636	2882.394636836125	85297.94011532067	104419.39248553703	106655.70630603906
0.03	0.24	2982.693515964051	false	35	4200	4320	534	928.1808791738513	93792.66257686596	109886.60832299403	115468.37408504507
0.03	0.24	2982.693515964051	false	36	4320	4440	613	599.0414036086804	91577.01798492763	116885.56218414639	123002.99708862985
0.03	0.24	2982.693515964051	false	37	4440	4560	515	5514.275783533776	116029.12123231146	128889.2841576849	133333.46321210684
0.03	0.24	2982.693515964051	false	38	4560	4680	426	76486.62938908729	119492.61838236635	148126.04421571223	151817.0351288818
0.03	0.24	2982.693515964051	false	39	4680	4800	383	103151.28081818875	146241.33684247444	157193.7287230836	158396.34288187517
0.03	0.24	2982.693515964051	false	40	4800	4920	398	107619.33584520602	145953.66157122946	151898.45305256842	153341.47452559773
0.03	0.24	2982.693515964051	false	41	4920	5040	414	110042.73582680343	150977.07342856584	160292.71745029595	163998.57283387156
0.03	0.24	2982.693515964051	false	42	5040	5160	358	124330.84998415597	164889.11550060485	179337.84879517497	183692.12601227808
0.03	0.24	2982.693515964051	false	43	5160	5280	425	113642.83709672964	167155.02172247777	183876.31216287863	189976.9649016607
0.03	0.24	2982.693515964051	false	44	5280	5400	373	134758.23432751987	177594.52367370887	187124.34146814686	194371.01596373215
0.03	0.24	2982.693515964051	false	45	5400	5520	368	132410.5978414691	175697.36907226054	187486.89820624536	191539.29562909616
0.03	0.24	2982.693515964051	false	46	5520	5640	338	130904.40222684492	188915.49992202656	198893.0924391552	200532.05000394065
0.03	0.24	2982.693515964051	false	47	5640	5760	362	138268.2806309922	204020.85996709677	213747.91269859974	221743.30011915753
0.03	0.24	2982.693515964051	false	48	5760	5880	408	137905.2706359853	209915.72334834808	220007.09302256058	224505.93578790175
0.03	0.24	2982.693515964051	false	49	5880	6000	370	139892.27123159525	197564.87934496536	208529.919246746	214139.40265700693
0.03	0.24	2982.693515964051	false	50	6000	6120	424	151675.14263272687	197524.21700022812	208169.37394268592	213286.5789603984
0.03	0.24	2982.693515964051	false	51	6120	6240	376	161360.9428806417	211738.9668258761	222860.2284536346	225450.88108691107
0.03	0.24	2982.693515964051	false	52	6240	6360	440	161314.1405772544	219998.44674826483	232973.39050950846	236716.06888268434
0.03	0.24	2982.693515964051	false	53	6360	6480	401	170855.84689087863	208241.84739750216	234927.18553394114	237563.0475657681
0.03	0.24	2982.693515964051	false	54	6480	6600	446	173777.8530908772	213653.2984130804	228181.36218284865	233124.08502243852
0.03	0.24	2982.693515964051	false	55	6600	6720	445	179291.84268016252	215870.69521616033	239359.4891810145	242955.7841038204
0.03	0.24	2982.693515964051	false	56	6720	6840	454	183727.37417985263	220197.68697298333	241904.4120328367	245051.1580014336
0.03	0.24	2982.693515964051	false	57	6840	6960	505	163100.96578699813	228019.95520924067	251539.96511981677	254188.3681836134
0.03	0.24	2982.693515964051	false	58	6960	7080	444	184179.89063662937	240074.96496450785	259357.4519286855	260527.53776834108
0.03	0.24	2982.693515964051	false	59	7080	7200	493	190673.31960074988	235531.38891936798	254304.90129131105	260144.04029641266
0.04	0.32	2912.6399110883212	false	0	0	120	642	104.76498105629162	642.662261381588	1385.1740112860973	2652.604473583551
0.04	0.32	2912.6399110883212	false	1	120	240	863	116.59906357112959	570.27614043991	1563.3215028471157	2426.6548120256175
0.04	0.32	2912.6399110883212	false	2	240	360	974	73.09151340939479	360.80382814082	1515.5556444997967	3986.6934682017927
0.04	0.32	2912.6399110883212	false	3	360	480	888	101.31974592627557	495.20797003617656	1304.7398512350826	2730.308940337409
0.04	0.32	2912.6399110883212	false	4	480	600	1073	119.402556594423	493.62904257550343	1795.2828250931907	2867.9879336989416
0.04	0.32	2912.6399110883212	false	5	600	720	1063	143.63349776817813	722.3368454962841	2562.2868864739735	3702.8186795762394
0.04	0.32	2912.6399110883212	false	6	720	840	1109	137.39381242203308	573.5077324509805	2563.1382094141577	5121.031826869967
0.04	0.32	2912.6399110883212	false	7	840	960	959	171.51829403155716	1109.7402661216622	3374.043360307689	5027.865986296547
0.04	0.32	2912.6399110883212	false	8	960	1080	876	113.64354019838174	476.17442292130363	3264.5239542686113	7012.513363715243
0.04	0.32	2912.6399110883212	false	9	1080	1200	1017	197.56441882145737	1466.4910785483696	4883.159108125238	9910.51418427287
0.04	0.32	2912.6399110883212	false	10	1200	1320	984	238.21207318883353	2298.6699356317804	7502.412299053403	9378.28805499339
0.04	0.32	2912.6399110883212	false	11	1320	1440	868	262.8750574415335	2201.263924440265	6381.793486505446	8633.783419106294
0.04	0.32	2912.6399110883212	false	12	1440	1560	1013	192.6002124896513	1446.0230430811866	5349.662833933671	7211.417835163047
0.04	0.32	2912.6399110883212	false	13	1560	1680	973	217.0109223666259	1454.3878200983277	3770.32560865431	4720.019467138172
0.04	0.32	2912.6399110883212	false	14	1680	1800	990	184.57296992528427	1489.5274130435155	3668.5960879625013	4742.916451066321
0.04	0.32	2912.6399110883212	false	15	1800	1920	1022	160.93916658860508	951.3827310970099	3926.011409785405	6153.800432337448
0.04	0.32	2912.6399110883212	false	16	1920	2040	972	200.70955300616333	1396.397964467132	4398.4961731642425	7923.5188154734715
0.04	0.32	2912.6399110883212	false	17	2040	2160	1082	331.963867856075	2955.0353739874936	6698.066419412585	13033.978483099418
0.04	0.32	2912.6399110883212	false	18	2160	2280	1082	284.3214767235622	2594.6492277943885	5953.476700705311	11073.077136185475
0.04	0.32	2912.6399110883212	false	19	2280	2400	984	393.5078587726366	5495.731475186681	30186.385826354115	39887.352780553556
0.04	0.32	2912.6399110883212	false	20	2400	2520	888	553.1552888587612	17867.169047075553	47722.80417130577	51728.076228342616
0.04	0.32	2912.6399110883212	false	21	2520	2640	824	495.532958757849	38966.16060792204	65961.30700487267	71328.64346425913
0.04	0.32	2912.6399110883212	false	22	2640	2760	735	1357.7669147503002	67597.5925805975	78184.3593317196	81500.83098530286
0.04	0.32	2912.6399110883212	false	23	2760	2880	705	1204.6965718072897	79226.0155975484	100248.31447398591	108095.58893832308
0.04	0.32	2912.6399110883212	false	24	2880	3000	659	3071.328790415464	91361.55246252965	122651.3748999845	126337.6845452749
0.04	0.32	2912.6399110883212	false	25	3000	3120	657	3513.8038402528764	101244.16082770257	128030.03661652321	131469.43677660511
0.04	0.32	2912.6399110883212	false	26	3120	3240	527	7974.068730522049	118778.71666241977	144766.09371624576	147969.88235603657
0.04	0.32	2912.6399110883212	false	27	3240	3360	534	12714.827415969012	130176.02128432998	152649.63442384565	155461.61582899548
0.04	0.32	2912.6399110883212	false	28	3360	3480	457	105773.80572767925	133250.5797327123	152463.024558178	155570.69590707577
0.04	0.32	2912.6399110883212	false	29	3480	3600	498	109593.85722532215	141576.98639252468	151539.3701082656	156881.07582791327
0.04	0.32	2912.6399110883212	false	30	3600	3720	517	116163.58634793415	157196.9713905759	174471.13261448042	183945.73796271926
0.04	0.32	2912.6399110883212	false	31	3720	3840	483	126762.89343230109	185398.87362276675	199017.91048097308	200529.00280708217
0.04	0.32	2912.6399110883212	false	32	3840	3960	353	173009.71653367378	203739.0435444053	210213.63352625736	212534.62728989962
0.04	0.32	2912.6399110883212	false	33	3960	4080	318	181466.66522827354	204038.81828097973	220480.6904959504	221365.2981699206
0.04	0.32	2912.6399110883212	false	34	4080	4200	349	191851.8877268043	209612.74910361625	216430.434295689	217896.97727970086
0.04	0.32	2912.6399110883212	false	35	4200	4320	340	198927.60763023535	214662.01645219134	225838.40101441322	227584.3843968687
0.04	0.32	2912.6399110883212	false	36	4320	4440	328	191076.48410359662	213303.04803072006	222894.06578268277	225762.93389876536
0.04	0.32	2912.6399110883212	false	37	4440	4560	373	198315.93085283748	220731.6635992598	233750.21818042026	235401.32933099903
0.04	0.32	2912.6399110883212	false	38	4560	4680	372	206027.01095148997	233296.6967820179	240374.9866936224	241449.24752426322
0.04	0.32	2912.6399110883212	false	39	4680	4800	389	222749.31293269037	237255.05850351366	241837.21947090683	243267.05685842535
0.04	0.32	2912.6399110883212	false	40	4800	4920	393	229896.23376804867	246304.1008158645	256706.11717767507	259546.32817211768
0.04	0.32	2912.6399110883212	false	41	4920	5040	384	228775.63894377407	257516.46155122653	263284.2292418919	265028.09613687894
0.04	0.32	2912.6399110883212	false	42	5040	5160	391	228909.02277394524	259952.0161827695	269210.9894791701	273999.0752836638
0.04	0.32	2912.6399110883212	false	43	5160	5280	398	246397.2298255867	266880.62577109225	277605.688400943	279695.503207945
0.04	0.32	2912.6399110883212	false	44	5280	5400	388	245662.77798838975	279248.4664049886	292400.03032160323	294727.33120220253
0.04	0.32	2912.6399110883212	false	45	5400	5520	410	259229.42996126995	291822.9687984338	304246.5122035572	306083.5091424633
0.04	0.32	2912.6399110883212	false	46	5520	5640	374	263826.17771216837	299239.6558991789	315437.7054561428	319280.5677499664
0.04	0.32	2912.6399110883212	false	47	5640	5760	391	261666.27976025484	312933.6019321681	318025.0060945106	320850.7170969906
0.04	0.32	2912.6399110883212	false	48	5760	5880	384	264088.68865183875	315419.9406092841	329137.35025859653	333083.8284315769
0.04	0.32	2912.6399110883212	false	49	5880	6000	392	280544.15830688505	314132.1527445546	325342.0726425457	326159.62504451454
0.04	0.32	2912.6399110883212	false	50	6000	6120	383	274223.3253166096	318803.3461155939	325660.98291480006	330439.59034015733
0.04	0.32	2912.6399110883212	false	51	6120	6240	404	282749.413290021	323709.46581951133	331091.9386346571	335104.0850634481
0.04	0.32	2912.6399110883212	false	52	6240	6360	400	299919.5666805385	323132.55507840175	337861.6680182206	341429.9353124406
0.04	0.32	2912.6399110883212	false	53	6360	6480	394	293581.1703280974	330840.1388433458	351582.21039443574	357617.29724737594
0.04	0.32	2912.6399110883212	false	54	6480	6600	382	311682.83533252816	353347.39730640163	363397.886045775	364643.5118753816
0.04	0.32	2912.6399110883212	false	55	6600	6720	449	318173.579969196	345592.87993217824	370669.3418443076	376459.6239923876
0.04	0.32	2912.6399110883212	false	56	6720	6840	355	319044.9578864864	358243.197102997	377687.8388708394	378899.3162994666
0.04	0.32	2912.6399110883212	false	57	6840	6960	400	331414.9368397998	371275.9315461142	376862.1854084138	379596.35088642605
0.04	0.32	2912.6399110883212	false	58	6960	7080	407	328373.1835578128	356062.32334183686	380366.67482123646	381090.68028393266
0.04	0.32	2912.6399110883212	false	59	7080	7200	368	330817.3276462849	355265.5034461961	372575.58869842417	377375.76002544846
